INSERT INTO social_media_db.users (`id`, `phone`, `email`, `password_hash`, `created_at`) 
VALUES
('1', '898373673246', 'ewolff@yahoo.com', '3304714601483', '2020-06-26 14:07:54'),
('2', '1048488556', 'dgerlach@gmail.com', '4038498661225', '2009-06-26 06:29:34'),
('3', '12335474578', 'cody06@zulaufpurdy.biz', '3011970988776', '2007-09-23 20:19:49'),
('4', '056677', 'karelle.champlin@yahoo.com', '9745152664427', '1972-07-03 18:24:50'),
('5', '63', 'dkulas@gmail.com', '7846084573909', '1991-06-05 04:42:22'),
('6', '0567', 'theron.kuhic@hotmail.com', '8995693731121', '2021-02-07 09:09:35'),
('7', '789060', 'blanda.sofia@hotmail.com', '2524272823559', '1999-07-22 04:27:40'),
('8', '13456', 'fabshire@satterfield.biz', '5407148707566', '1977-09-03 06:29:56'),
('9', '52', 'bogisich.casimer@yahoo.com', '0639353662186', '2002-05-04 20:34:16'),
('10', '0657', 'berenice87@hotmail.com', '1618196062321', '1978-07-30 16:19:19'),
('11', '078998', 'erdman.abigale@gmail.com', '2081564794145', '2005-01-05 15:37:13'),
('12', '10988', 'okautzer@cummings.com', '2513629287755', '2002-06-02 21:39:07'),
('13', '23', 'lolita52@sanford.biz', '4562773687018', '1980-06-25 12:56:17'),
('14', '1890', 'anne.becker@lehnersatterfield.com', '8565243646146', '2019-01-28 03:04:37'),
('15', '184223', 'bernie03@hotmail.com', '6791109936485', '2015-08-11 16:22:11'),
('16', '1345465', 'ydietrich@yahoo.com', '0480667679427', '2019-12-29 20:57:37'),
('17', '603', 'bjenkins@heathcoteboyle.com', '5486854772570', '1992-02-21 09:29:00'),
('18', '0757', 'garrison06@lesch.com', '6710786097128', '2004-08-10 19:29:10'),
('19', '1658', 'gleason.deangelo@faheygusikowski.com', '2852513956057', '2002-01-27 21:34:34'),
('20', '780', 'laurine.anderson@heaney.com', '9014141619862', '2011-10-16 22:36:14');



INSERT INTO social_media_db.titles (`id`, `name`, `created_at`) 
VALUES 
('1', 'IT', '1979-12-04 09:15:40'),
('2', 'Music', '1984-03-05 23:38:07'),
('3', 'Science', '2012-05-29 06:12:23'),
('4', 'Medicine', '2019-04-21 13:39:57'),
('5', 'For girls', '1999-01-24 19:13:13'),
('6', 'Sport', '1976-04-01 07:10:53'),
('7', 'Fun', '2015-04-21 06:26:58'),
('8', ' Video', '1984-06-05 10:44:04'),
('9', 'Beauty', '1994-07-09 02:17:10'),
('10', 'Food', '1984-11-14 04:12:36');


INSERT INTO social_media_db.animal_types (`id`, `name`, `created_at`) 
VALUES 
('1', 'fuga', '1985-04-03 08:49:35'),
('2', 'amet', '2007-08-29 19:13:35'),
('3', 'voluptas', '2011-10-30 22:52:49'),
('4', 'eos', '2008-02-26 04:24:09'),
('5', 'necessitatibus', '1980-05-29 03:45:47'),
('6', 'officia', '2019-03-07 00:44:34'),
('7', 'dolor', '1988-05-13 13:14:57'),
('8', 'eum', '1972-06-10 18:15:57'),
('9', 'doloremque', '1977-11-02 10:36:35'),
('10', 'maiores', '1987-03-03 22:26:12');

INSERT INTO social_media_db.cities (`id`, `name`, `created_at`) 
 VALUES
('1','Monaco','2014-07-13 23:48:02'),
('2','Saudi Arabia','1999-05-13 11:08:47'),
('3','Hong Kong','1974-11-18 12:20:22'),
('4','Taiwan','1980-03-08 23:43:52'),
('5','Bahrain','2011-05-13 21:42:19'),
('6','Bermuda','1990-08-25 20:56:12'),
('7','Guernsey','1999-05-09 14:03:30'),
('8','Bolivia','1971-03-19 09:03:04'),
('9','Cambodia','1990-07-04 04:26:00'),
('10','Bhutan','2003-12-22 15:49:57');


INSERT INTO social_media_db.files_category (`id`, `category_name`, `created_at`) 
VALUES 
('1', 'fly', '1970-01-09 08:40:25'),
('2', 'mpt', '1997-08-29 03:45:44'),
('3', 'npx', '1999-10-10 11:34:22'),
('4', 'dsc', '1980-05-07 15:50:28'),
('5', 'xvm', '1976-10-18 18:21:19'),
('6', 'qam', '2019-04-16 11:13:34'),
('7', 'karbon', '1983-07-04 16:20:27'),
('8', 'cod', '1993-06-13 01:28:15'),
('9', 'odg', '1997-06-11 12:33:50'),
('10', 'dcurl', '1978-04-13 20:33:49');

INSERT INTO social_media_db.files (`id`, `file_category_id`, `creater_id`, `filename`, `path_file`, `size_file`, `metadata`, `created_at`) 
VALUES 
('21', '1', '1', 'Commodi perferendis voluptatem rerum.', 'c2d86a65-0710-301e-86a2-834ed18f57df', 1, '3', '1970-01-01 00:00:00'),
('22', '2', '2', 'Repellendus nesciunt ducimus quae beatae omnis ut veritatis.', 'b0022ced-8104-36c6-9094-451f0cc30b96', 9, '9', '1970-01-01 00:00:00'),
('23', '3', '3', 'Aspernatur aut dolores distinctio harum ab.', '9572d9c5-6013-3025-821e-033ac079048b', 8, '8', '1970-01-01 00:00:00'),
('24', '4', '4', 'Doloremque accusamus tempore eius quas perferendis esse ut.', 'ae345e71-8c55-3466-ad72-256dc784ff2e', 7, '9', '1970-01-01 00:00:00'),
('25', '5', '5', 'Aut reiciendis earum cumque.', '3689bbb8-a7c5-3c84-9de5-43e70dbf8404', 7, '7', '1970-01-01 00:00:00'),
('26', '7', '7', 'Molestias numquam nulla exercitationem.', 'fa7ce59f-9bdd-34dc-89a7-94cca08c12c7', 4, '1', '1970-01-01 00:00:00'),
('27', '8', '8', 'Eum a iste consequuntur ea consequatur exercitationem optio.', '556ee008-f963-3e9e-bec3-5739aec135e6', 8, '2', '1970-01-01 00:00:00'),
('28', '9', '9', 'Cumque soluta pariatur consequatur dolorem.', '5e16c0ba-9de2-34e2-babe-32089c4fdb61', 3, '6', '1970-01-01 00:00:00'),
('29', '10', '10', 'Dolor aut quia mollitia aut.', '9f6c50af-4689-3337-a75e-403f9b09467d', 2, '4', '1970-01-01 00:00:00'),
('30', '1', '11', 'Soluta sunt quibusdam molestiae aperiam eius.', 'b8d7f4d1-1710-38f6-94b8-943b350eceaa', 2, '9', '1970-01-01 00:00:00'),
('31', '3', '13', 'Aliquid eos non et in voluptatem magnam.', 'ebed1da9-9f2f-33b6-ad16-24a4cff9f8cb', 9, '4', '1970-01-01 00:00:00'),
('32', '4', '14', 'Adipisci accusamus corrupti porro facilis optio eos.', '27b37386-713c-33ac-b652-8e0d85e13850', 1, '1', '1970-01-01 00:00:00'),
('33', '5', '15', 'Fugit vero doloribus velit vero accusamus mollitia velit.', 'f5e01f46-3318-3a4e-99aa-35d6a58d6bda', 9, '4', '1970-01-01 00:00:00'),
('34', '6', '16', 'Itaque a ut omnis dicta.', '06c60545-207d-335a-814b-d80d862f50ee', 1, '1', '1970-01-01 00:00:00'),
('35', '7', '17', 'Voluptatem cupiditate voluptatibus et.', '3210f9cd-16c2-3ba1-a1a9-24898d2d1a12', 9, '2', '1970-01-01 00:00:00'),
('36', '8', '18', 'Recusandae eos laboriosam consequuntur adipisci fugit est dolor.', '41d39bf8-92f1-3dfb-806e-ae48f93dd490', 9, '6', '1970-01-01 00:00:00'),
('37', '9', '19', 'Atque sequi deserunt odit quo praesentium optio quam quis.', '17fb7870-893e-3493-b6db-e23a987b14eb', 3, '9', '1970-01-01 00:00:00'),
('38', '10', '20', 'Voluptatum voluptate voluptate ratione minus a et possimus ad.', 'd957153b-7946-318a-bd6b-4929409b3ef8', 7, '4', '1970-01-01 00:00:00');


INSERT INTO social_media_db.followers (`follower_id`, `target_id`, `created_at`, `updated_at`) 
VALUES 
('1', '2', '1983-01-05 05:33:44', '2002-02-13 14:09:15'),
('2', '2', '2016-02-28 20:59:08', '1993-07-21 03:50:52'),
('3', '4', '1974-10-21 16:28:17', '1989-07-02 03:19:37'),
('4', '5', '2011-04-12 23:54:59', '1985-04-30 03:21:52'),
('5', '6', '1970-07-06 18:03:45',  '1993-03-17 15:36:13'),
('6', '7', '1996-11-16 02:46:35', '1976-08-03 12:10:47'),
('7', '8', '1988-11-15 12:09:57', '2000-03-17 04:12:20'),
('8', '9', '2005-08-26 22:28:26', '2014-02-20 04:47:54'),
('9', '10', '1977-05-29 12:11:10', '2013-09-27 04:12:16'),
('10', '11', '1995-12-18 07:44:22', '1974-04-08 06:27:06'),
('11', '12', '2010-11-18 06:09:31',  '2014-05-03 14:36:40'),
('12', '13', '1983-12-20 02:46:32',  '2007-06-18 07:34:58'),
('13', '14', '2018-01-25 15:45:41', '2013-12-16 17:18:59'),
('14', '15', '2018-01-24 04:00:28',  '1991-04-09 17:29:06'),
('15', '16', '1988-05-29 11:00:34',  '1980-12-12 00:54:03'),
('16', '17', '1987-06-07 09:51:43',  '1983-03-05 15:13:52'),
('17', '18', '1986-03-11 17:14:34',  '2010-06-27 16:01:51'),
('18', '19', '2020-02-06 16:56:58',  '1995-05-24 18:44:32'),
('19', '1', '1983-02-09 03:39:29',  '2002-06-18 19:37:00'),
('20', '2', '2016-04-05 01:04:00',  '1989-05-24 09:56:47'),
('1', '20', '1976-08-10 06:36:36', '2017-04-22 22:49:18'),
('2', '3', '2014-09-13 16:51:03',  '2013-04-10 22:43:53'),
('3', '4', '1971-12-05 15:07:52',  '1986-05-17 21:35:17'),
('4', '6', '2004-09-18 07:39:26',  '1981-01-01 03:19:08'),
('5', '8', '1975-12-31 05:37:57',  '2018-01-03 23:46:52'),
('6', '9', '1976-03-12 23:00:33',  '1994-02-05 04:18:04'),
('7', '20', '1980-11-26 02:10:15', '1975-11-29 17:40:55'),
('8', '1', '1988-12-22 01:26:36',  '2005-08-28 14:54:34'),
('9', '2', '1988-02-06 14:25:56',  '1988-05-04 12:36:13'),
('10', '1', '1980-05-21 01:20:14',  '1994-07-09 10:41:45'),
('11', '11', '1973-05-21 14:21:23', '1993-05-06 02:35:02'),
('12', '12', '1978-04-14 08:18:26',  '2005-04-17 09:55:52'),
('13', '13', '1970-07-02 11:39:17', '2008-11-06 14:41:40'),
('20', '2', '1972-07-10 10:50:53', '1973-08-25 10:40:40');


INSERT INTO social_media_db.profiles (`id`, `user_id`, `nickname`, `gender`, `animal_type_id`, `avatar`, `hometown_id`, `date_of_birth`, `created_at`, `updated_at`) 
VALUES 
('1', '1', 'veritatis', 'M', '1', '0', '1', '2021-06-24', '1983-01-14 10:20:38', '1988-08-06 13:04:03'),
 ('2', '2', 'natus', 'F', '2', '0', '2', '2001-03-22', '2002-03-11 10:03:57', '1983-06-25 11:10:09'),
 ('3', '3', 'nam', 'M', '3', '692', '3', '2019-09-01', '1981-07-05 00:27:01', '2011-07-01 13:23:17'),
 ('4', '4', 'rerum', 'X', '4', '1777100000000', '4', '1973-05-01', '1985-11-11 20:53:16', '1978-02-22 17:24:51'),
 ('5', '5', 'aut', 'F', '5', '9', '5', '2002-02-22', '1976-10-25 08:50:03', '1988-01-29 06:49:11'),
 ('6', '6', 'odio', 'F', '6', '16433439', '6', '1988-02-17', '1976-11-12 14:26:13', '2016-04-29 09:13:42'),
 ('7', '7', 'molestiae', 'X', '7', '43', '7', '1985-05-28', '1996-10-20 02:04:50', '1971-11-26 13:29:47'),
 ('8', '8', 'incidunt', 'F', '8', '7', '8', '1978-05-02', '2007-01-10 03:52:04', '1996-01-27 08:19:38'),
 ('9', '9', 'iure', 'M', '9', '3', '9', '2017-01-13', '1997-01-07 23:02:36', '2005-06-29 20:37:03'),
 ('10', '10', 'qui', 'F', '10', '0', '10', '1994-11-11', '1977-09-05 03:36:53', '2002-03-27 21:46:10'),
 ('11', '11', 'magnam', 'X', '1', '582', '1', '2011-08-08', '1988-11-18 01:56:13', '1996-08-01 12:05:04'),
 ('12', '12', 'animi', 'F', '2', '5', '2', '1980-09-29', '1987-04-19 02:06:12', '1992-06-21 10:56:05'),
 ('13', '13', 'aperiam', 'F', '3', '0', '3', '1972-06-20', '1989-08-28 17:43:17', '1995-07-28 12:24:58'),
 ('14', '14', 'optio', 'F', '4', '0', '4', '2019-10-19', '1999-10-06 04:04:19', '2007-11-28 03:35:55'),
 ('15', '15', 'nihil', 'F', '5', '34', '5', '1973-02-11', '1981-06-09 09:50:11', '1973-03-01 05:32:26'),
 ('16', '16', 'autem', 'M', '6', '4', '6', '2018-11-15', '2008-02-19 12:55:16', '1978-03-04 09:53:28'),
 ('17', '17', 'officiis', 'F', '7', '0', '7', '2021-01-19', '2007-04-05 05:13:17', '2015-01-25 22:55:52'),
 ('18', '18', 'enim', 'X', '8', '0', '8', '1999-03-09', '1994-05-15 10:49:47', '1990-07-20 09:24:00'),
 ('19', '19', 'sunt', 'F', '9', '5364320', '9', '2017-08-20', '1994-11-09 23:45:06', '1994-04-20 08:40:59'),
 ('20', '20', 'harum', 'X', '10', '1', '10', '2012-09-05', '2000-08-17 21:16:56', '1991-12-06 23:15:27');

INSERT INTO social_media_db.users_posts (user_id, title_id, attached_file_id, created_at)
VALUES
(1, 1, 21, '2007-06-23 19:04:04'),
(2, 2, 23, '2007-06-23 19:04:04'),
(3, 3, 24, '2007-06-23 19:04:04'),
(4, 4, 22, '2007-06-23 19:04:04'),
(5, 5, 25, '2007-06-23 19:04:04'),
(6, 6, 26, '2007-06-23 19:04:04'),
(7, 7, 27, '2007-06-23 19:04:04'),
(8, 8, 28, '2007-06-23 19:04:04'),
(9, 9, 29, '2007-06-23 19:04:04'),
(10, 9, 30, '2007-06-23 19:04:04'),
(11, 2, 21, '2007-06-23 19:04:04');



INSERT INTO social_media_db.retweet_posts (`post_id`, `user_id`, `created_at`) 
VALUES 
('1', '1', '2007-06-23 19:04:04'),
('2', '2', '1993-05-28 18:42:40'),
('3', '3', '1986-07-17 08:09:42'),
('4', '4', '1974-09-13 22:58:43'),
('5', '5', '1994-03-30 20:19:33'),
('6', '6', '2020-03-06 23:32:17'),
('7', '7', '1988-10-16 21:48:10'),
('8', '8', '1984-11-21 13:59:56'),
('9', '9', '2004-12-06 11:53:56'),
('10', '10', '1996-05-23 05:47:14'),
('11', '11', '1987-10-26 20:40:17'),
('1', '12', '1986-04-27 04:14:32'),
('3', '13', '1973-08-30 18:48:08'),
('4', '14', '1987-10-25 22:51:42'),
('5', '15', '1997-09-25 14:01:27'),
('6', '16', '1976-02-21 21:41:52'),
('7', '17', '1993-03-29 07:33:36'),
('8', '18', '2009-04-09 21:01:35'),
('9', '19', '1989-01-10 23:39:37'),
('10', '20', '1984-04-13 01:02:49');


INSERT INTO social_media_db.messages (from_user, to_user, attached_file_id, created_at)
VALUES
(1, 2,22, '1993-05-28 18:42:40'),
(2, 3,23, '1993-05-28 18:42:40'),
(3, 4,24, '1993-05-28 18:42:40'),
(4, 5,25, '1993-05-28 18:42:40'),
(5, 6,26, '1993-05-28 18:42:40'),
(6, 7,27, '1993-05-28 18:42:40'),
(7, 8,28, '1993-05-28 18:42:40'),
(8, 9,29 , '1993-05-28 18:42:40'),
(9, 10,30 , '1993-05-28 18:42:40'),
(10, 1,31 , '1993-05-28 18:42:40');




